{"cameraMode":{"drawMode":0,"name":"Shaded","section":"Shading Mode"},"sceneLighting":true,"audioPlay":false,"sceneViewState":{"showFog":true,"showMaterialUpdate":true,"showSkybox":true,"showFlares":true,"showImageEffects":true,"showParticleSystems":true},"in2DMode":false,"pivot":{"x":-67.0027847290039,"y":15.985231399536133,"z":-7.154755592346191},"rotation":{"x":-0.26844653487205508,"y":-0.015767332166433336,"z":0.004410375840961933,"w":-0.9631554484367371},"size":23.285205841064454,"orthographic":false}