{"cameraMode":{"drawMode":0,"name":"Shaded","section":"Shading Mode"},"sceneLighting":true,"audioPlay":false,"sceneViewState":{"showFog":true,"showMaterialUpdate":false,"showSkybox":true,"showFlares":true,"showImageEffects":true,"showParticleSystems":true},"in2DMode":false,"pivot":{"x":0.01600000075995922,"y":0.0,"z":-0.12800000607967378},"rotation":{"x":-0.052713923156261447,"y":0.9370666146278381,"z":-0.16211824119091035,"w":-0.3047049641609192},"size":0.945234477519989,"orthographic":false}