{"cameraMode":{"drawMode":0,"name":"Shaded","section":"Shading Mode"},"sceneLighting":false,"audioPlay":false,"sceneViewState":{"showFog":true,"showMaterialUpdate":false,"showSkybox":true,"showFlares":true,"showImageEffects":true,"showParticleSystems":true},"in2DMode":false,"pivot":{"x":0.0,"y":0.7770000100135803,"z":-9.35200023651123},"rotation":{"x":0.0024926962796598675,"y":-0.9791271686553955,"z":0.20287682116031648,"w":0.01203622855246067},"size":0.7596907615661621,"orthographic":false}